person_id,full_name,title,job_start_date,company_name,company_domain,industry,country,size_min,size_max,about
person-001,Morgan Placeholder,VP Operations,2026-02,Quartz Fintech,quartz-fintech.example,retail,US,11,200,Quartz Fintech is a fictional retail company used as synthetic sample data.
person-002,Alex Testcase,Director of Engineering,2026-07,Acme Robotics,acme-robotics.example,software,US,11,50,Acme Robotics is a fictional retail company used as synthetic sample data.
person-003,Taylor Example,Geschäftsführer,2026-01,Globex Freight,globex-freight.example,retail,US,201,200,Globex Freight is a fictional software company used as synthetic sample data.
person-004,Riley Example,Director of Engineering,2026-03,Initech Labs,initech-labs.example,retail,US,11,500,Initech Labs is a fictional logistics company used as synthetic sample data.
person-005,Avery Placeholder,Directeur des Opérations,2026-04,Globex Retailco,globex-retailco.example,logistics,US,11,500,Globex Retailco is a fictional financial services company used as synthetic sample data.
person-006,Sam Example,Geschäftsführer,2026-07,Umbra Health,umbra-health.example,logistics,US,51,500,Umbra Health is a fictional healthcare services company used as synthetic sample data.
person-007,Morgan Mockman,Head of Customer Support,2026-04,Umbra Freight,umbra-freight.example,software,US,201,200,Umbra Freight is a fictional retail company used as synthetic sample data.
person-008,Jamie Demoson,Directeur des Opérations,2026-02,Delta Labs,delta-labs.example,software,US,201,200,Delta Labs is a fictional manufacturing company used as synthetic sample data.
person-009,Morgan Placeholder,VP Operations,2026-02,Delta Health,delta-health.example,retail,US,201,200,Delta Health is a fictional logistics company used as synthetic sample data.
person-010,Skyler Demoson,VP Sales,2026-08,Delta Retailco,delta-retailco.example,software,US,11,200,Delta Retailco is a fictional healthcare services company used as synthetic sample data.
person-011,Skyler Sample,Head of Customer Support,2026-05,Acme Fintech,acme-fintech.example,financial services,US,201,500,Acme Fintech is a fictional healthcare services company used as synthetic sample data.
person-012,Casey Fixture,VP Finance,2026-06,Nimbus Robotics,nimbus-robotics.example,manufacturing,US,201,50,Nimbus Robotics is a fictional healthcare services company used as synthetic sample data.
person-013,Alex Testcase,Head of Customer Support,2026-04,Vertex Freight,vertex-freight.example,healthcare services,US,51,200,Vertex Freight is a fictional software company used as synthetic sample data.
person-014,Jordan Specimen,VP Marketing,2026-03,Quartz Retailco,quartz-retailco.example,healthcare services,US,201,200,Quartz Retailco is a fictional financial services company used as synthetic sample data.
person-015,Taylor Demoson,Director of Logistics,2026-02,Quartz Freight,quartz-freight.example,manufacturing,US,11,50,Quartz Freight is a fictional financial services company used as synthetic sample data.
person-016,Riley Example,Director of Logistics,2026-05,Delta Retailco,delta-retailco.example,logistics,US,11,50,Delta Retailco is a fictional healthcare services company used as synthetic sample data.
person-017,Avery Demoson,Head of Customer Support,2026-01,Nimbus Freight,nimbus-freight.example,healthcare services,US,201,500,Nimbus Freight is a fictional healthcare services company used as synthetic sample data.
person-018,Taylor Fixture,VP Finance,2026-07,Quartz Robotics,quartz-robotics.example,software,US,11,50,Quartz Robotics is a fictional manufacturing company used as synthetic sample data.
person-019,Jamie Placeholder,Directeur des Opérations,2026-01,Globex Labs,globex-labs.example,software,US,11,500,Globex Labs is a fictional manufacturing company used as synthetic sample data.
person-020,Avery Sample,VP Operations,2026-02,Nimbus Retailco,nimbus-retailco.example,manufacturing,US,201,200,Nimbus Retailco is a fictional manufacturing company used as synthetic sample data.
person-021,Rowan Mockman,Head of Growth,2026-08,Nimbus Retailco,nimbus-retailco.example,software,US,11,200,Nimbus Retailco is a fictional healthcare services company used as synthetic sample data.
person-022,Jamie Specimen,Director of Logistics,2026-02,Vertex Robotics,vertex-robotics.example,financial services,US,51,500,Vertex Robotics is a fictional logistics company used as synthetic sample data.
person-023,Jamie Placeholder,Head of People,2026-06,Acme Freight,acme-freight.example,manufacturing,US,201,500,Acme Freight is a fictional software company used as synthetic sample data.
person-024,Avery Mockman,Director of Quality,2026-05,Globex Fintech,globex-fintech.example,retail,US,51,50,Globex Fintech is a fictional logistics company used as synthetic sample data.
person-025,Riley Demoson,VP Sales,2026-04,Umbra Retailco,umbra-retailco.example,manufacturing,US,51,500,Umbra Retailco is a fictional manufacturing company used as synthetic sample data.
person-026,Riley Specimen,VP Operations,2026-01,Nimbus Fintech,nimbus-fintech.example,logistics,US,51,200,Nimbus Fintech is a fictional manufacturing company used as synthetic sample data.
person-027,Skyler Demoson,Head of Growth,2026-06,Delta Fintech,delta-fintech.example,software,US,11,50,Delta Fintech is a fictional manufacturing company used as synthetic sample data.
person-028,Jamie Testcase,VP Finance,2026-01,Nimbus Freight,nimbus-freight.example,healthcare services,US,201,200,Nimbus Freight is a fictional financial services company used as synthetic sample data.
person-029,Sam Sample,VP Sales,2023-08,Quartz Fintech,quartz-fintech.example,manufacturing,US,51,500,Quartz Fintech is a fictional logistics company used as synthetic sample data.
person-030,Sam Fixture,Head of Customer Support,2023-12,Delta Health,delta-health.example,manufacturing,US,11,50,Delta Health is a fictional software company used as synthetic sample data.
person-031,Jordan Specimen,Director of Quality,2024-11,Initech Retailco,initech-retailco.example,logistics,US,11,500,Initech Retailco is a fictional retail company used as synthetic sample data.
person-032,Jordan Example,Geschäftsführer,2023-09,Acme Fintech,acme-fintech.example,financial services,US,11,200,Acme Fintech is a fictional manufacturing company used as synthetic sample data.
person-033,Riley Example,VP Marketing,2023-10,Vertex Freight,vertex-freight.example,logistics,US,51,500,Vertex Freight is a fictional healthcare services company used as synthetic sample data.
person-034,Jordan Example,Geschäftsführer,2024-09,Nimbus Health,nimbus-health.example,manufacturing,US,201,50,Nimbus Health is a fictional retail company used as synthetic sample data.
person-035,Avery Example,Directeur des Opérations,2023-03,Delta Freight,delta-freight.example,manufacturing,US,11,200,Delta Freight is a fictional retail company used as synthetic sample data.
person-036,Skyler Sample,Geschäftsführer,2024-02,Acme Labs,acme-labs.example,retail,US,11,50,Acme Labs is a fictional manufacturing company used as synthetic sample data.
person-037,Casey Example,Marketing Manager,2023-02,Globex Retailco,globex-retailco.example,healthcare services,US,51,500,Globex Retailco is a fictional retail company used as synthetic sample data.
person-038,Quinn Testcase,Marketing Manager,2023-12,Vertex Health,vertex-health.example,retail,US,51,500,Vertex Health is a fictional manufacturing company used as synthetic sample data.
person-039,Jamie Placeholder,Marketing Manager,2024-06,Quartz Robotics,quartz-robotics.example,software,US,201,50,Quartz Robotics is a fictional healthcare services company used as synthetic sample data.
person-040,Sam Testcase,Head Chef,2024-03,Vertex Robotics,vertex-robotics.example,logistics,US,11,200,Vertex Robotics is a fictional manufacturing company used as synthetic sample data.
